rulesText,typeLine,setCode,cardNumber,cost,power,toughness,Title,newText
"Generated effect for card 1.\nIf this is a bulk test, card 1 validates row-level rendering.",CREATURE - TESTER,SMO,00001/500,2,2,4,Card 1,Variant 1
"Generated effect for card 2.\nIf this is a bulk test, card 2 validates row-level rendering.",CREATURE - TESTER,SMO,00002/500,3,3,5,Card 2,Variant 2
"Generated effect for card 3.\nIf this is a bulk test, card 3 validates row-level rendering.",CREATURE - TESTER,SMO,00003/500,4,4,6,Card 3,Variant 3
"Generated effect for card 4.\nIf this is a bulk test, card 4 validates row-level rendering.",CREATURE - TESTER,SMO,00004/500,5,5,7,Card 4,Variant 4
"Generated effect for card 5.\nIf this is a bulk test, card 5 validates row-level rendering.",CREATURE - TESTER,SMO,00005/500,6,6,1,Card 5,Variant 5
"Generated effect for card 6.\nIf this is a bulk test, card 6 validates row-level rendering.",CREATURE - TESTER,SMO,00006/500,7,7,2,Card 6,Variant 6
"Generated effect for card 7.\nIf this is a bulk test, card 7 validates row-level rendering.",CREATURE - TESTER,SMO,00007/500,8,1,3,Card 7,Variant 7
"Generated effect for card 8.\nIf this is a bulk test, card 8 validates row-level rendering.",CREATURE - TESTER,SMO,00008/500,9,2,4,Card 8,Variant 8
"Generated effect for card 9.\nIf this is a bulk test, card 9 validates row-level rendering.",CREATURE - TESTER,SMO,00009/500,1,3,5,Card 9,Variant 9
"Generated effect for card 10.\nIf this is a bulk test, card 10 validates row-level rendering.",CREATURE - TESTER,SMO,00010/500,2,4,6,Card 10,Variant 10
"Generated effect for card 11.\nIf this is a bulk test, card 11 validates row-level rendering.",CREATURE - TESTER,SMO,00011/500,3,5,7,Card 11,Variant 11
"Generated effect for card 12.\nIf this is a bulk test, card 12 validates row-level rendering.",CREATURE - TESTER,SMO,00012/500,4,6,1,Card 12,Variant 12
"Generated effect for card 13.\nIf this is a bulk test, card 13 validates row-level rendering.",CREATURE - TESTER,SMO,00013/500,5,7,2,Card 13,Variant 13
"Generated effect for card 14.\nIf this is a bulk test, card 14 validates row-level rendering.",CREATURE - TESTER,SMO,00014/500,6,1,3,Card 14,Variant 14
"Generated effect for card 15.\nIf this is a bulk test, card 15 validates row-level rendering.",CREATURE - TESTER,SMO,00015/500,7,2,4,Card 15,Variant 15
"Generated effect for card 16.\nIf this is a bulk test, card 16 validates row-level rendering.",CREATURE - TESTER,SMO,00016/500,8,3,5,Card 16,Variant 16
"Generated effect for card 17.\nIf this is a bulk test, card 17 validates row-level rendering.",CREATURE - TESTER,SMO,00017/500,9,4,6,Card 17,Variant 17
"Generated effect for card 18.\nIf this is a bulk test, card 18 validates row-level rendering.",CREATURE - TESTER,SMO,00018/500,1,5,7,Card 18,Variant 18
"Generated effect for card 19.\nIf this is a bulk test, card 19 validates row-level rendering.",CREATURE - TESTER,SMO,00019/500,2,6,1,Card 19,Variant 19
"Generated effect for card 20.\nIf this is a bulk test, card 20 validates row-level rendering.",CREATURE - TESTER,SMO,00020/500,3,7,2,Card 20,Variant 20
"Generated effect for card 21.\nIf this is a bulk test, card 21 validates row-level rendering.",CREATURE - TESTER,SMO,00021/500,4,1,3,Card 21,Variant 21
"Generated effect for card 22.\nIf this is a bulk test, card 22 validates row-level rendering.",CREATURE - TESTER,SMO,00022/500,5,2,4,Card 22,Variant 22
"Generated effect for card 23.\nIf this is a bulk test, card 23 validates row-level rendering.",CREATURE - TESTER,SMO,00023/500,6,3,5,Card 23,Variant 23
"Generated effect for card 24.\nIf this is a bulk test, card 24 validates row-level rendering.",CREATURE - TESTER,SMO,00024/500,7,4,6,Card 24,Variant 24
"Generated effect for card 25.\nIf this is a bulk test, card 25 validates row-level rendering.",CREATURE - TESTER,SMO,00025/500,8,5,7,Card 25,Variant 25
"Generated effect for card 26.\nIf this is a bulk test, card 26 validates row-level rendering.",CREATURE - TESTER,SMO,00026/500,9,6,1,Card 26,Variant 26
"Generated effect for card 27.\nIf this is a bulk test, card 27 validates row-level rendering.",CREATURE - TESTER,SMO,00027/500,1,7,2,Card 27,Variant 27
"Generated effect for card 28.\nIf this is a bulk test, card 28 validates row-level rendering.",CREATURE - TESTER,SMO,00028/500,2,1,3,Card 28,Variant 28
"Generated effect for card 29.\nIf this is a bulk test, card 29 validates row-level rendering.",CREATURE - TESTER,SMO,00029/500,3,2,4,Card 29,Variant 29
"Generated effect for card 30.\nIf this is a bulk test, card 30 validates row-level rendering.",CREATURE - TESTER,SMO,00030/500,4,3,5,Card 30,Variant 30
"Generated effect for card 31.\nIf this is a bulk test, card 31 validates row-level rendering.",CREATURE - TESTER,SMO,00031/500,5,4,6,Card 31,Variant 31
"Generated effect for card 32.\nIf this is a bulk test, card 32 validates row-level rendering.",CREATURE - TESTER,SMO,00032/500,6,5,7,Card 32,Variant 32
"Generated effect for card 33.\nIf this is a bulk test, card 33 validates row-level rendering.",CREATURE - TESTER,SMO,00033/500,7,6,1,Card 33,Variant 33
"Generated effect for card 34.\nIf this is a bulk test, card 34 validates row-level rendering.",CREATURE - TESTER,SMO,00034/500,8,7,2,Card 34,Variant 34
"Generated effect for card 35.\nIf this is a bulk test, card 35 validates row-level rendering.",CREATURE - TESTER,SMO,00035/500,9,1,3,Card 35,Variant 35
"Generated effect for card 36.\nIf this is a bulk test, card 36 validates row-level rendering.",CREATURE - TESTER,SMO,00036/500,1,2,4,Card 36,Variant 36
"Generated effect for card 37.\nIf this is a bulk test, card 37 validates row-level rendering.",CREATURE - TESTER,SMO,00037/500,2,3,5,Card 37,Variant 37
"Generated effect for card 38.\nIf this is a bulk test, card 38 validates row-level rendering.",CREATURE - TESTER,SMO,00038/500,3,4,6,Card 38,Variant 38
"Generated effect for card 39.\nIf this is a bulk test, card 39 validates row-level rendering.",CREATURE - TESTER,SMO,00039/500,4,5,7,Card 39,Variant 39
"Generated effect for card 40.\nIf this is a bulk test, card 40 validates row-level rendering.",CREATURE - TESTER,SMO,00040/500,5,6,1,Card 40,Variant 40
"Generated effect for card 41.\nIf this is a bulk test, card 41 validates row-level rendering.",CREATURE - TESTER,SMO,00041/500,6,7,2,Card 41,Variant 41
"Generated effect for card 42.\nIf this is a bulk test, card 42 validates row-level rendering.",CREATURE - TESTER,SMO,00042/500,7,1,3,Card 42,Variant 42
"Generated effect for card 43.\nIf this is a bulk test, card 43 validates row-level rendering.",CREATURE - TESTER,SMO,00043/500,8,2,4,Card 43,Variant 43
"Generated effect for card 44.\nIf this is a bulk test, card 44 validates row-level rendering.",CREATURE - TESTER,SMO,00044/500,9,3,5,Card 44,Variant 44
"Generated effect for card 45.\nIf this is a bulk test, card 45 validates row-level rendering.",CREATURE - TESTER,SMO,00045/500,1,4,6,Card 45,Variant 45
"Generated effect for card 46.\nIf this is a bulk test, card 46 validates row-level rendering.",CREATURE - TESTER,SMO,00046/500,2,5,7,Card 46,Variant 46
"Generated effect for card 47.\nIf this is a bulk test, card 47 validates row-level rendering.",CREATURE - TESTER,SMO,00047/500,3,6,1,Card 47,Variant 47
"Generated effect for card 48.\nIf this is a bulk test, card 48 validates row-level rendering.",CREATURE - TESTER,SMO,00048/500,4,7,2,Card 48,Variant 48
"Generated effect for card 49.\nIf this is a bulk test, card 49 validates row-level rendering.",CREATURE - TESTER,SMO,00049/500,5,1,3,Card 49,Variant 49
"Generated effect for card 50.\nIf this is a bulk test, card 50 validates row-level rendering.",CREATURE - TESTER,SMO,00050/500,6,2,4,Card 50,Variant 50
"Generated effect for card 51.\nIf this is a bulk test, card 51 validates row-level rendering.",CREATURE - TESTER,SMO,00051/500,7,3,5,Card 51,Variant 51
"Generated effect for card 52.\nIf this is a bulk test, card 52 validates row-level rendering.",CREATURE - TESTER,SMO,00052/500,8,4,6,Card 52,Variant 52
"Generated effect for card 53.\nIf this is a bulk test, card 53 validates row-level rendering.",CREATURE - TESTER,SMO,00053/500,9,5,7,Card 53,Variant 53
"Generated effect for card 54.\nIf this is a bulk test, card 54 validates row-level rendering.",CREATURE - TESTER,SMO,00054/500,1,6,1,Card 54,Variant 54
"Generated effect for card 55.\nIf this is a bulk test, card 55 validates row-level rendering.",CREATURE - TESTER,SMO,00055/500,2,7,2,Card 55,Variant 55
"Generated effect for card 56.\nIf this is a bulk test, card 56 validates row-level rendering.",CREATURE - TESTER,SMO,00056/500,3,1,3,Card 56,Variant 56
"Generated effect for card 57.\nIf this is a bulk test, card 57 validates row-level rendering.",CREATURE - TESTER,SMO,00057/500,4,2,4,Card 57,Variant 57
"Generated effect for card 58.\nIf this is a bulk test, card 58 validates row-level rendering.",CREATURE - TESTER,SMO,00058/500,5,3,5,Card 58,Variant 58
"Generated effect for card 59.\nIf this is a bulk test, card 59 validates row-level rendering.",CREATURE - TESTER,SMO,00059/500,6,4,6,Card 59,Variant 59
"Generated effect for card 60.\nIf this is a bulk test, card 60 validates row-level rendering.",CREATURE - TESTER,SMO,00060/500,7,5,7,Card 60,Variant 60
"Generated effect for card 61.\nIf this is a bulk test, card 61 validates row-level rendering.",CREATURE - TESTER,SMO,00061/500,8,6,1,Card 61,Variant 61
"Generated effect for card 62.\nIf this is a bulk test, card 62 validates row-level rendering.",CREATURE - TESTER,SMO,00062/500,9,7,2,Card 62,Variant 62
"Generated effect for card 63.\nIf this is a bulk test, card 63 validates row-level rendering.",CREATURE - TESTER,SMO,00063/500,1,1,3,Card 63,Variant 63
"Generated effect for card 64.\nIf this is a bulk test, card 64 validates row-level rendering.",CREATURE - TESTER,SMO,00064/500,2,2,4,Card 64,Variant 64
"Generated effect for card 65.\nIf this is a bulk test, card 65 validates row-level rendering.",CREATURE - TESTER,SMO,00065/500,3,3,5,Card 65,Variant 65
"Generated effect for card 66.\nIf this is a bulk test, card 66 validates row-level rendering.",CREATURE - TESTER,SMO,00066/500,4,4,6,Card 66,Variant 66
"Generated effect for card 67.\nIf this is a bulk test, card 67 validates row-level rendering.",CREATURE - TESTER,SMO,00067/500,5,5,7,Card 67,Variant 67
"Generated effect for card 68.\nIf this is a bulk test, card 68 validates row-level rendering.",CREATURE - TESTER,SMO,00068/500,6,6,1,Card 68,Variant 68
"Generated effect for card 69.\nIf this is a bulk test, card 69 validates row-level rendering.",CREATURE - TESTER,SMO,00069/500,7,7,2,Card 69,Variant 69
"Generated effect for card 70.\nIf this is a bulk test, card 70 validates row-level rendering.",CREATURE - TESTER,SMO,00070/500,8,1,3,Card 70,Variant 70
"Generated effect for card 71.\nIf this is a bulk test, card 71 validates row-level rendering.",CREATURE - TESTER,SMO,00071/500,9,2,4,Card 71,Variant 71
"Generated effect for card 72.\nIf this is a bulk test, card 72 validates row-level rendering.",CREATURE - TESTER,SMO,00072/500,1,3,5,Card 72,Variant 72
"Generated effect for card 73.\nIf this is a bulk test, card 73 validates row-level rendering.",CREATURE - TESTER,SMO,00073/500,2,4,6,Card 73,Variant 73
"Generated effect for card 74.\nIf this is a bulk test, card 74 validates row-level rendering.",CREATURE - TESTER,SMO,00074/500,3,5,7,Card 74,Variant 74
"Generated effect for card 75.\nIf this is a bulk test, card 75 validates row-level rendering.",CREATURE - TESTER,SMO,00075/500,4,6,1,Card 75,Variant 75
"Generated effect for card 76.\nIf this is a bulk test, card 76 validates row-level rendering.",CREATURE - TESTER,SMO,00076/500,5,7,2,Card 76,Variant 76
"Generated effect for card 77.\nIf this is a bulk test, card 77 validates row-level rendering.",CREATURE - TESTER,SMO,00077/500,6,1,3,Card 77,Variant 77
"Generated effect for card 78.\nIf this is a bulk test, card 78 validates row-level rendering.",CREATURE - TESTER,SMO,00078/500,7,2,4,Card 78,Variant 78
"Generated effect for card 79.\nIf this is a bulk test, card 79 validates row-level rendering.",CREATURE - TESTER,SMO,00079/500,8,3,5,Card 79,Variant 79
"Generated effect for card 80.\nIf this is a bulk test, card 80 validates row-level rendering.",CREATURE - TESTER,SMO,00080/500,9,4,6,Card 80,Variant 80
"Generated effect for card 81.\nIf this is a bulk test, card 81 validates row-level rendering.",CREATURE - TESTER,SMO,00081/500,1,5,7,Card 81,Variant 81
"Generated effect for card 82.\nIf this is a bulk test, card 82 validates row-level rendering.",CREATURE - TESTER,SMO,00082/500,2,6,1,Card 82,Variant 82
"Generated effect for card 83.\nIf this is a bulk test, card 83 validates row-level rendering.",CREATURE - TESTER,SMO,00083/500,3,7,2,Card 83,Variant 83
"Generated effect for card 84.\nIf this is a bulk test, card 84 validates row-level rendering.",CREATURE - TESTER,SMO,00084/500,4,1,3,Card 84,Variant 84
"Generated effect for card 85.\nIf this is a bulk test, card 85 validates row-level rendering.",CREATURE - TESTER,SMO,00085/500,5,2,4,Card 85,Variant 85
"Generated effect for card 86.\nIf this is a bulk test, card 86 validates row-level rendering.",CREATURE - TESTER,SMO,00086/500,6,3,5,Card 86,Variant 86
"Generated effect for card 87.\nIf this is a bulk test, card 87 validates row-level rendering.",CREATURE - TESTER,SMO,00087/500,7,4,6,Card 87,Variant 87
"Generated effect for card 88.\nIf this is a bulk test, card 88 validates row-level rendering.",CREATURE - TESTER,SMO,00088/500,8,5,7,Card 88,Variant 88
"Generated effect for card 89.\nIf this is a bulk test, card 89 validates row-level rendering.",CREATURE - TESTER,SMO,00089/500,9,6,1,Card 89,Variant 89
"Generated effect for card 90.\nIf this is a bulk test, card 90 validates row-level rendering.",CREATURE - TESTER,SMO,00090/500,1,7,2,Card 90,Variant 90
"Generated effect for card 91.\nIf this is a bulk test, card 91 validates row-level rendering.",CREATURE - TESTER,SMO,00091/500,2,1,3,Card 91,Variant 91
"Generated effect for card 92.\nIf this is a bulk test, card 92 validates row-level rendering.",CREATURE - TESTER,SMO,00092/500,3,2,4,Card 92,Variant 92
"Generated effect for card 93.\nIf this is a bulk test, card 93 validates row-level rendering.",CREATURE - TESTER,SMO,00093/500,4,3,5,Card 93,Variant 93
"Generated effect for card 94.\nIf this is a bulk test, card 94 validates row-level rendering.",CREATURE - TESTER,SMO,00094/500,5,4,6,Card 94,Variant 94
"Generated effect for card 95.\nIf this is a bulk test, card 95 validates row-level rendering.",CREATURE - TESTER,SMO,00095/500,6,5,7,Card 95,Variant 95
"Generated effect for card 96.\nIf this is a bulk test, card 96 validates row-level rendering.",CREATURE - TESTER,SMO,00096/500,7,6,1,Card 96,Variant 96
"Generated effect for card 97.\nIf this is a bulk test, card 97 validates row-level rendering.",CREATURE - TESTER,SMO,00097/500,8,7,2,Card 97,Variant 97
"Generated effect for card 98.\nIf this is a bulk test, card 98 validates row-level rendering.",CREATURE - TESTER,SMO,00098/500,9,1,3,Card 98,Variant 98
"Generated effect for card 99.\nIf this is a bulk test, card 99 validates row-level rendering.",CREATURE - TESTER,SMO,00099/500,1,2,4,Card 99,Variant 99
"Generated effect for card 100.\nIf this is a bulk test, card 100 validates row-level rendering.",CREATURE - TESTER,SMO,00100/500,2,3,5,Card 100,Variant 100
"Generated effect for card 101.\nIf this is a bulk test, card 101 validates row-level rendering.",CREATURE - TESTER,SMO,00101/500,3,4,6,Card 101,Variant 101
"Generated effect for card 102.\nIf this is a bulk test, card 102 validates row-level rendering.",CREATURE - TESTER,SMO,00102/500,4,5,7,Card 102,Variant 102
"Generated effect for card 103.\nIf this is a bulk test, card 103 validates row-level rendering.",CREATURE - TESTER,SMO,00103/500,5,6,1,Card 103,Variant 103
"Generated effect for card 104.\nIf this is a bulk test, card 104 validates row-level rendering.",CREATURE - TESTER,SMO,00104/500,6,7,2,Card 104,Variant 104
"Generated effect for card 105.\nIf this is a bulk test, card 105 validates row-level rendering.",CREATURE - TESTER,SMO,00105/500,7,1,3,Card 105,Variant 105
"Generated effect for card 106.\nIf this is a bulk test, card 106 validates row-level rendering.",CREATURE - TESTER,SMO,00106/500,8,2,4,Card 106,Variant 106
"Generated effect for card 107.\nIf this is a bulk test, card 107 validates row-level rendering.",CREATURE - TESTER,SMO,00107/500,9,3,5,Card 107,Variant 107
"Generated effect for card 108.\nIf this is a bulk test, card 108 validates row-level rendering.",CREATURE - TESTER,SMO,00108/500,1,4,6,Card 108,Variant 108
"Generated effect for card 109.\nIf this is a bulk test, card 109 validates row-level rendering.",CREATURE - TESTER,SMO,00109/500,2,5,7,Card 109,Variant 109
"Generated effect for card 110.\nIf this is a bulk test, card 110 validates row-level rendering.",CREATURE - TESTER,SMO,00110/500,3,6,1,Card 110,Variant 110
"Generated effect for card 111.\nIf this is a bulk test, card 111 validates row-level rendering.",CREATURE - TESTER,SMO,00111/500,4,7,2,Card 111,Variant 111
"Generated effect for card 112.\nIf this is a bulk test, card 112 validates row-level rendering.",CREATURE - TESTER,SMO,00112/500,5,1,3,Card 112,Variant 112
"Generated effect for card 113.\nIf this is a bulk test, card 113 validates row-level rendering.",CREATURE - TESTER,SMO,00113/500,6,2,4,Card 113,Variant 113
"Generated effect for card 114.\nIf this is a bulk test, card 114 validates row-level rendering.",CREATURE - TESTER,SMO,00114/500,7,3,5,Card 114,Variant 114
"Generated effect for card 115.\nIf this is a bulk test, card 115 validates row-level rendering.",CREATURE - TESTER,SMO,00115/500,8,4,6,Card 115,Variant 115
"Generated effect for card 116.\nIf this is a bulk test, card 116 validates row-level rendering.",CREATURE - TESTER,SMO,00116/500,9,5,7,Card 116,Variant 116
"Generated effect for card 117.\nIf this is a bulk test, card 117 validates row-level rendering.",CREATURE - TESTER,SMO,00117/500,1,6,1,Card 117,Variant 117
"Generated effect for card 118.\nIf this is a bulk test, card 118 validates row-level rendering.",CREATURE - TESTER,SMO,00118/500,2,7,2,Card 118,Variant 118
"Generated effect for card 119.\nIf this is a bulk test, card 119 validates row-level rendering.",CREATURE - TESTER,SMO,00119/500,3,1,3,Card 119,Variant 119
"Generated effect for card 120.\nIf this is a bulk test, card 120 validates row-level rendering.",CREATURE - TESTER,SMO,00120/500,4,2,4,Card 120,Variant 120
"Generated effect for card 121.\nIf this is a bulk test, card 121 validates row-level rendering.",CREATURE - TESTER,SMO,00121/500,5,3,5,Card 121,Variant 121
"Generated effect for card 122.\nIf this is a bulk test, card 122 validates row-level rendering.",CREATURE - TESTER,SMO,00122/500,6,4,6,Card 122,Variant 122
"Generated effect for card 123.\nIf this is a bulk test, card 123 validates row-level rendering.",CREATURE - TESTER,SMO,00123/500,7,5,7,Card 123,Variant 123
"Generated effect for card 124.\nIf this is a bulk test, card 124 validates row-level rendering.",CREATURE - TESTER,SMO,00124/500,8,6,1,Card 124,Variant 124
"Generated effect for card 125.\nIf this is a bulk test, card 125 validates row-level rendering.",CREATURE - TESTER,SMO,00125/500,9,7,2,Card 125,Variant 125
"Generated effect for card 126.\nIf this is a bulk test, card 126 validates row-level rendering.",CREATURE - TESTER,SMO,00126/500,1,1,3,Card 126,Variant 126
"Generated effect for card 127.\nIf this is a bulk test, card 127 validates row-level rendering.",CREATURE - TESTER,SMO,00127/500,2,2,4,Card 127,Variant 127
"Generated effect for card 128.\nIf this is a bulk test, card 128 validates row-level rendering.",CREATURE - TESTER,SMO,00128/500,3,3,5,Card 128,Variant 128
"Generated effect for card 129.\nIf this is a bulk test, card 129 validates row-level rendering.",CREATURE - TESTER,SMO,00129/500,4,4,6,Card 129,Variant 129
"Generated effect for card 130.\nIf this is a bulk test, card 130 validates row-level rendering.",CREATURE - TESTER,SMO,00130/500,5,5,7,Card 130,Variant 130
"Generated effect for card 131.\nIf this is a bulk test, card 131 validates row-level rendering.",CREATURE - TESTER,SMO,00131/500,6,6,1,Card 131,Variant 131
"Generated effect for card 132.\nIf this is a bulk test, card 132 validates row-level rendering.",CREATURE - TESTER,SMO,00132/500,7,7,2,Card 132,Variant 132
"Generated effect for card 133.\nIf this is a bulk test, card 133 validates row-level rendering.",CREATURE - TESTER,SMO,00133/500,8,1,3,Card 133,Variant 133
"Generated effect for card 134.\nIf this is a bulk test, card 134 validates row-level rendering.",CREATURE - TESTER,SMO,00134/500,9,2,4,Card 134,Variant 134
"Generated effect for card 135.\nIf this is a bulk test, card 135 validates row-level rendering.",CREATURE - TESTER,SMO,00135/500,1,3,5,Card 135,Variant 135
"Generated effect for card 136.\nIf this is a bulk test, card 136 validates row-level rendering.",CREATURE - TESTER,SMO,00136/500,2,4,6,Card 136,Variant 136
"Generated effect for card 137.\nIf this is a bulk test, card 137 validates row-level rendering.",CREATURE - TESTER,SMO,00137/500,3,5,7,Card 137,Variant 137
"Generated effect for card 138.\nIf this is a bulk test, card 138 validates row-level rendering.",CREATURE - TESTER,SMO,00138/500,4,6,1,Card 138,Variant 138
"Generated effect for card 139.\nIf this is a bulk test, card 139 validates row-level rendering.",CREATURE - TESTER,SMO,00139/500,5,7,2,Card 139,Variant 139
"Generated effect for card 140.\nIf this is a bulk test, card 140 validates row-level rendering.",CREATURE - TESTER,SMO,00140/500,6,1,3,Card 140,Variant 140
"Generated effect for card 141.\nIf this is a bulk test, card 141 validates row-level rendering.",CREATURE - TESTER,SMO,00141/500,7,2,4,Card 141,Variant 141
"Generated effect for card 142.\nIf this is a bulk test, card 142 validates row-level rendering.",CREATURE - TESTER,SMO,00142/500,8,3,5,Card 142,Variant 142
"Generated effect for card 143.\nIf this is a bulk test, card 143 validates row-level rendering.",CREATURE - TESTER,SMO,00143/500,9,4,6,Card 143,Variant 143
"Generated effect for card 144.\nIf this is a bulk test, card 144 validates row-level rendering.",CREATURE - TESTER,SMO,00144/500,1,5,7,Card 144,Variant 144
"Generated effect for card 145.\nIf this is a bulk test, card 145 validates row-level rendering.",CREATURE - TESTER,SMO,00145/500,2,6,1,Card 145,Variant 145
"Generated effect for card 146.\nIf this is a bulk test, card 146 validates row-level rendering.",CREATURE - TESTER,SMO,00146/500,3,7,2,Card 146,Variant 146
"Generated effect for card 147.\nIf this is a bulk test, card 147 validates row-level rendering.",CREATURE - TESTER,SMO,00147/500,4,1,3,Card 147,Variant 147
"Generated effect for card 148.\nIf this is a bulk test, card 148 validates row-level rendering.",CREATURE - TESTER,SMO,00148/500,5,2,4,Card 148,Variant 148
"Generated effect for card 149.\nIf this is a bulk test, card 149 validates row-level rendering.",CREATURE - TESTER,SMO,00149/500,6,3,5,Card 149,Variant 149
"Generated effect for card 150.\nIf this is a bulk test, card 150 validates row-level rendering.",CREATURE - TESTER,SMO,00150/500,7,4,6,Card 150,Variant 150
"Generated effect for card 151.\nIf this is a bulk test, card 151 validates row-level rendering.",CREATURE - TESTER,SMO,00151/500,8,5,7,Card 151,Variant 151
"Generated effect for card 152.\nIf this is a bulk test, card 152 validates row-level rendering.",CREATURE - TESTER,SMO,00152/500,9,6,1,Card 152,Variant 152
"Generated effect for card 153.\nIf this is a bulk test, card 153 validates row-level rendering.",CREATURE - TESTER,SMO,00153/500,1,7,2,Card 153,Variant 153
"Generated effect for card 154.\nIf this is a bulk test, card 154 validates row-level rendering.",CREATURE - TESTER,SMO,00154/500,2,1,3,Card 154,Variant 154
"Generated effect for card 155.\nIf this is a bulk test, card 155 validates row-level rendering.",CREATURE - TESTER,SMO,00155/500,3,2,4,Card 155,Variant 155
"Generated effect for card 156.\nIf this is a bulk test, card 156 validates row-level rendering.",CREATURE - TESTER,SMO,00156/500,4,3,5,Card 156,Variant 156
"Generated effect for card 157.\nIf this is a bulk test, card 157 validates row-level rendering.",CREATURE - TESTER,SMO,00157/500,5,4,6,Card 157,Variant 157
"Generated effect for card 158.\nIf this is a bulk test, card 158 validates row-level rendering.",CREATURE - TESTER,SMO,00158/500,6,5,7,Card 158,Variant 158
"Generated effect for card 159.\nIf this is a bulk test, card 159 validates row-level rendering.",CREATURE - TESTER,SMO,00159/500,7,6,1,Card 159,Variant 159
"Generated effect for card 160.\nIf this is a bulk test, card 160 validates row-level rendering.",CREATURE - TESTER,SMO,00160/500,8,7,2,Card 160,Variant 160
"Generated effect for card 161.\nIf this is a bulk test, card 161 validates row-level rendering.",CREATURE - TESTER,SMO,00161/500,9,1,3,Card 161,Variant 161
"Generated effect for card 162.\nIf this is a bulk test, card 162 validates row-level rendering.",CREATURE - TESTER,SMO,00162/500,1,2,4,Card 162,Variant 162
"Generated effect for card 163.\nIf this is a bulk test, card 163 validates row-level rendering.",CREATURE - TESTER,SMO,00163/500,2,3,5,Card 163,Variant 163
"Generated effect for card 164.\nIf this is a bulk test, card 164 validates row-level rendering.",CREATURE - TESTER,SMO,00164/500,3,4,6,Card 164,Variant 164
"Generated effect for card 165.\nIf this is a bulk test, card 165 validates row-level rendering.",CREATURE - TESTER,SMO,00165/500,4,5,7,Card 165,Variant 165
"Generated effect for card 166.\nIf this is a bulk test, card 166 validates row-level rendering.",CREATURE - TESTER,SMO,00166/500,5,6,1,Card 166,Variant 166
"Generated effect for card 167.\nIf this is a bulk test, card 167 validates row-level rendering.",CREATURE - TESTER,SMO,00167/500,6,7,2,Card 167,Variant 167
"Generated effect for card 168.\nIf this is a bulk test, card 168 validates row-level rendering.",CREATURE - TESTER,SMO,00168/500,7,1,3,Card 168,Variant 168
"Generated effect for card 169.\nIf this is a bulk test, card 169 validates row-level rendering.",CREATURE - TESTER,SMO,00169/500,8,2,4,Card 169,Variant 169
"Generated effect for card 170.\nIf this is a bulk test, card 170 validates row-level rendering.",CREATURE - TESTER,SMO,00170/500,9,3,5,Card 170,Variant 170
"Generated effect for card 171.\nIf this is a bulk test, card 171 validates row-level rendering.",CREATURE - TESTER,SMO,00171/500,1,4,6,Card 171,Variant 171
"Generated effect for card 172.\nIf this is a bulk test, card 172 validates row-level rendering.",CREATURE - TESTER,SMO,00172/500,2,5,7,Card 172,Variant 172
"Generated effect for card 173.\nIf this is a bulk test, card 173 validates row-level rendering.",CREATURE - TESTER,SMO,00173/500,3,6,1,Card 173,Variant 173
"Generated effect for card 174.\nIf this is a bulk test, card 174 validates row-level rendering.",CREATURE - TESTER,SMO,00174/500,4,7,2,Card 174,Variant 174
"Generated effect for card 175.\nIf this is a bulk test, card 175 validates row-level rendering.",CREATURE - TESTER,SMO,00175/500,5,1,3,Card 175,Variant 175
"Generated effect for card 176.\nIf this is a bulk test, card 176 validates row-level rendering.",CREATURE - TESTER,SMO,00176/500,6,2,4,Card 176,Variant 176
"Generated effect for card 177.\nIf this is a bulk test, card 177 validates row-level rendering.",CREATURE - TESTER,SMO,00177/500,7,3,5,Card 177,Variant 177
"Generated effect for card 178.\nIf this is a bulk test, card 178 validates row-level rendering.",CREATURE - TESTER,SMO,00178/500,8,4,6,Card 178,Variant 178
"Generated effect for card 179.\nIf this is a bulk test, card 179 validates row-level rendering.",CREATURE - TESTER,SMO,00179/500,9,5,7,Card 179,Variant 179
"Generated effect for card 180.\nIf this is a bulk test, card 180 validates row-level rendering.",CREATURE - TESTER,SMO,00180/500,1,6,1,Card 180,Variant 180
"Generated effect for card 181.\nIf this is a bulk test, card 181 validates row-level rendering.",CREATURE - TESTER,SMO,00181/500,2,7,2,Card 181,Variant 181
"Generated effect for card 182.\nIf this is a bulk test, card 182 validates row-level rendering.",CREATURE - TESTER,SMO,00182/500,3,1,3,Card 182,Variant 182
"Generated effect for card 183.\nIf this is a bulk test, card 183 validates row-level rendering.",CREATURE - TESTER,SMO,00183/500,4,2,4,Card 183,Variant 183
"Generated effect for card 184.\nIf this is a bulk test, card 184 validates row-level rendering.",CREATURE - TESTER,SMO,00184/500,5,3,5,Card 184,Variant 184
"Generated effect for card 185.\nIf this is a bulk test, card 185 validates row-level rendering.",CREATURE - TESTER,SMO,00185/500,6,4,6,Card 185,Variant 185
"Generated effect for card 186.\nIf this is a bulk test, card 186 validates row-level rendering.",CREATURE - TESTER,SMO,00186/500,7,5,7,Card 186,Variant 186
"Generated effect for card 187.\nIf this is a bulk test, card 187 validates row-level rendering.",CREATURE - TESTER,SMO,00187/500,8,6,1,Card 187,Variant 187
"Generated effect for card 188.\nIf this is a bulk test, card 188 validates row-level rendering.",CREATURE - TESTER,SMO,00188/500,9,7,2,Card 188,Variant 188
"Generated effect for card 189.\nIf this is a bulk test, card 189 validates row-level rendering.",CREATURE - TESTER,SMO,00189/500,1,1,3,Card 189,Variant 189
"Generated effect for card 190.\nIf this is a bulk test, card 190 validates row-level rendering.",CREATURE - TESTER,SMO,00190/500,2,2,4,Card 190,Variant 190
"Generated effect for card 191.\nIf this is a bulk test, card 191 validates row-level rendering.",CREATURE - TESTER,SMO,00191/500,3,3,5,Card 191,Variant 191
"Generated effect for card 192.\nIf this is a bulk test, card 192 validates row-level rendering.",CREATURE - TESTER,SMO,00192/500,4,4,6,Card 192,Variant 192
"Generated effect for card 193.\nIf this is a bulk test, card 193 validates row-level rendering.",CREATURE - TESTER,SMO,00193/500,5,5,7,Card 193,Variant 193
"Generated effect for card 194.\nIf this is a bulk test, card 194 validates row-level rendering.",CREATURE - TESTER,SMO,00194/500,6,6,1,Card 194,Variant 194
"Generated effect for card 195.\nIf this is a bulk test, card 195 validates row-level rendering.",CREATURE - TESTER,SMO,00195/500,7,7,2,Card 195,Variant 195
"Generated effect for card 196.\nIf this is a bulk test, card 196 validates row-level rendering.",CREATURE - TESTER,SMO,00196/500,8,1,3,Card 196,Variant 196
"Generated effect for card 197.\nIf this is a bulk test, card 197 validates row-level rendering.",CREATURE - TESTER,SMO,00197/500,9,2,4,Card 197,Variant 197
"Generated effect for card 198.\nIf this is a bulk test, card 198 validates row-level rendering.",CREATURE - TESTER,SMO,00198/500,1,3,5,Card 198,Variant 198
"Generated effect for card 199.\nIf this is a bulk test, card 199 validates row-level rendering.",CREATURE - TESTER,SMO,00199/500,2,4,6,Card 199,Variant 199
"Generated effect for card 200.\nIf this is a bulk test, card 200 validates row-level rendering.",CREATURE - TESTER,SMO,00200/500,3,5,7,Card 200,Variant 200
"Generated effect for card 201.\nIf this is a bulk test, card 201 validates row-level rendering.",CREATURE - TESTER,SMO,00201/500,4,6,1,Card 201,Variant 201
"Generated effect for card 202.\nIf this is a bulk test, card 202 validates row-level rendering.",CREATURE - TESTER,SMO,00202/500,5,7,2,Card 202,Variant 202
"Generated effect for card 203.\nIf this is a bulk test, card 203 validates row-level rendering.",CREATURE - TESTER,SMO,00203/500,6,1,3,Card 203,Variant 203
"Generated effect for card 204.\nIf this is a bulk test, card 204 validates row-level rendering.",CREATURE - TESTER,SMO,00204/500,7,2,4,Card 204,Variant 204
"Generated effect for card 205.\nIf this is a bulk test, card 205 validates row-level rendering.",CREATURE - TESTER,SMO,00205/500,8,3,5,Card 205,Variant 205
"Generated effect for card 206.\nIf this is a bulk test, card 206 validates row-level rendering.",CREATURE - TESTER,SMO,00206/500,9,4,6,Card 206,Variant 206
"Generated effect for card 207.\nIf this is a bulk test, card 207 validates row-level rendering.",CREATURE - TESTER,SMO,00207/500,1,5,7,Card 207,Variant 207
"Generated effect for card 208.\nIf this is a bulk test, card 208 validates row-level rendering.",CREATURE - TESTER,SMO,00208/500,2,6,1,Card 208,Variant 208
"Generated effect for card 209.\nIf this is a bulk test, card 209 validates row-level rendering.",CREATURE - TESTER,SMO,00209/500,3,7,2,Card 209,Variant 209
"Generated effect for card 210.\nIf this is a bulk test, card 210 validates row-level rendering.",CREATURE - TESTER,SMO,00210/500,4,1,3,Card 210,Variant 210
"Generated effect for card 211.\nIf this is a bulk test, card 211 validates row-level rendering.",CREATURE - TESTER,SMO,00211/500,5,2,4,Card 211,Variant 211
"Generated effect for card 212.\nIf this is a bulk test, card 212 validates row-level rendering.",CREATURE - TESTER,SMO,00212/500,6,3,5,Card 212,Variant 212
"Generated effect for card 213.\nIf this is a bulk test, card 213 validates row-level rendering.",CREATURE - TESTER,SMO,00213/500,7,4,6,Card 213,Variant 213
"Generated effect for card 214.\nIf this is a bulk test, card 214 validates row-level rendering.",CREATURE - TESTER,SMO,00214/500,8,5,7,Card 214,Variant 214
"Generated effect for card 215.\nIf this is a bulk test, card 215 validates row-level rendering.",CREATURE - TESTER,SMO,00215/500,9,6,1,Card 215,Variant 215
"Generated effect for card 216.\nIf this is a bulk test, card 216 validates row-level rendering.",CREATURE - TESTER,SMO,00216/500,1,7,2,Card 216,Variant 216
"Generated effect for card 217.\nIf this is a bulk test, card 217 validates row-level rendering.",CREATURE - TESTER,SMO,00217/500,2,1,3,Card 217,Variant 217
"Generated effect for card 218.\nIf this is a bulk test, card 218 validates row-level rendering.",CREATURE - TESTER,SMO,00218/500,3,2,4,Card 218,Variant 218
"Generated effect for card 219.\nIf this is a bulk test, card 219 validates row-level rendering.",CREATURE - TESTER,SMO,00219/500,4,3,5,Card 219,Variant 219
"Generated effect for card 220.\nIf this is a bulk test, card 220 validates row-level rendering.",CREATURE - TESTER,SMO,00220/500,5,4,6,Card 220,Variant 220
"Generated effect for card 221.\nIf this is a bulk test, card 221 validates row-level rendering.",CREATURE - TESTER,SMO,00221/500,6,5,7,Card 221,Variant 221
"Generated effect for card 222.\nIf this is a bulk test, card 222 validates row-level rendering.",CREATURE - TESTER,SMO,00222/500,7,6,1,Card 222,Variant 222
"Generated effect for card 223.\nIf this is a bulk test, card 223 validates row-level rendering.",CREATURE - TESTER,SMO,00223/500,8,7,2,Card 223,Variant 223
"Generated effect for card 224.\nIf this is a bulk test, card 224 validates row-level rendering.",CREATURE - TESTER,SMO,00224/500,9,1,3,Card 224,Variant 224
"Generated effect for card 225.\nIf this is a bulk test, card 225 validates row-level rendering.",CREATURE - TESTER,SMO,00225/500,1,2,4,Card 225,Variant 225
"Generated effect for card 226.\nIf this is a bulk test, card 226 validates row-level rendering.",CREATURE - TESTER,SMO,00226/500,2,3,5,Card 226,Variant 226
"Generated effect for card 227.\nIf this is a bulk test, card 227 validates row-level rendering.",CREATURE - TESTER,SMO,00227/500,3,4,6,Card 227,Variant 227
"Generated effect for card 228.\nIf this is a bulk test, card 228 validates row-level rendering.",CREATURE - TESTER,SMO,00228/500,4,5,7,Card 228,Variant 228
"Generated effect for card 229.\nIf this is a bulk test, card 229 validates row-level rendering.",CREATURE - TESTER,SMO,00229/500,5,6,1,Card 229,Variant 229
"Generated effect for card 230.\nIf this is a bulk test, card 230 validates row-level rendering.",CREATURE - TESTER,SMO,00230/500,6,7,2,Card 230,Variant 230
"Generated effect for card 231.\nIf this is a bulk test, card 231 validates row-level rendering.",CREATURE - TESTER,SMO,00231/500,7,1,3,Card 231,Variant 231
"Generated effect for card 232.\nIf this is a bulk test, card 232 validates row-level rendering.",CREATURE - TESTER,SMO,00232/500,8,2,4,Card 232,Variant 232
"Generated effect for card 233.\nIf this is a bulk test, card 233 validates row-level rendering.",CREATURE - TESTER,SMO,00233/500,9,3,5,Card 233,Variant 233
"Generated effect for card 234.\nIf this is a bulk test, card 234 validates row-level rendering.",CREATURE - TESTER,SMO,00234/500,1,4,6,Card 234,Variant 234
"Generated effect for card 235.\nIf this is a bulk test, card 235 validates row-level rendering.",CREATURE - TESTER,SMO,00235/500,2,5,7,Card 235,Variant 235
"Generated effect for card 236.\nIf this is a bulk test, card 236 validates row-level rendering.",CREATURE - TESTER,SMO,00236/500,3,6,1,Card 236,Variant 236
"Generated effect for card 237.\nIf this is a bulk test, card 237 validates row-level rendering.",CREATURE - TESTER,SMO,00237/500,4,7,2,Card 237,Variant 237
"Generated effect for card 238.\nIf this is a bulk test, card 238 validates row-level rendering.",CREATURE - TESTER,SMO,00238/500,5,1,3,Card 238,Variant 238
"Generated effect for card 239.\nIf this is a bulk test, card 239 validates row-level rendering.",CREATURE - TESTER,SMO,00239/500,6,2,4,Card 239,Variant 239
"Generated effect for card 240.\nIf this is a bulk test, card 240 validates row-level rendering.",CREATURE - TESTER,SMO,00240/500,7,3,5,Card 240,Variant 240
"Generated effect for card 241.\nIf this is a bulk test, card 241 validates row-level rendering.",CREATURE - TESTER,SMO,00241/500,8,4,6,Card 241,Variant 241
"Generated effect for card 242.\nIf this is a bulk test, card 242 validates row-level rendering.",CREATURE - TESTER,SMO,00242/500,9,5,7,Card 242,Variant 242
"Generated effect for card 243.\nIf this is a bulk test, card 243 validates row-level rendering.",CREATURE - TESTER,SMO,00243/500,1,6,1,Card 243,Variant 243
"Generated effect for card 244.\nIf this is a bulk test, card 244 validates row-level rendering.",CREATURE - TESTER,SMO,00244/500,2,7,2,Card 244,Variant 244
"Generated effect for card 245.\nIf this is a bulk test, card 245 validates row-level rendering.",CREATURE - TESTER,SMO,00245/500,3,1,3,Card 245,Variant 245
"Generated effect for card 246.\nIf this is a bulk test, card 246 validates row-level rendering.",CREATURE - TESTER,SMO,00246/500,4,2,4,Card 246,Variant 246
"Generated effect for card 247.\nIf this is a bulk test, card 247 validates row-level rendering.",CREATURE - TESTER,SMO,00247/500,5,3,5,Card 247,Variant 247
"Generated effect for card 248.\nIf this is a bulk test, card 248 validates row-level rendering.",CREATURE - TESTER,SMO,00248/500,6,4,6,Card 248,Variant 248
"Generated effect for card 249.\nIf this is a bulk test, card 249 validates row-level rendering.",CREATURE - TESTER,SMO,00249/500,7,5,7,Card 249,Variant 249
"Generated effect for card 250.\nIf this is a bulk test, card 250 validates row-level rendering.",CREATURE - TESTER,SMO,00250/500,8,6,1,Card 250,Variant 250
"Generated effect for card 251.\nIf this is a bulk test, card 251 validates row-level rendering.",CREATURE - TESTER,SMO,00251/500,9,7,2,Card 251,Variant 251
"Generated effect for card 252.\nIf this is a bulk test, card 252 validates row-level rendering.",CREATURE - TESTER,SMO,00252/500,1,1,3,Card 252,Variant 252
"Generated effect for card 253.\nIf this is a bulk test, card 253 validates row-level rendering.",CREATURE - TESTER,SMO,00253/500,2,2,4,Card 253,Variant 253
"Generated effect for card 254.\nIf this is a bulk test, card 254 validates row-level rendering.",CREATURE - TESTER,SMO,00254/500,3,3,5,Card 254,Variant 254
"Generated effect for card 255.\nIf this is a bulk test, card 255 validates row-level rendering.",CREATURE - TESTER,SMO,00255/500,4,4,6,Card 255,Variant 255
"Generated effect for card 256.\nIf this is a bulk test, card 256 validates row-level rendering.",CREATURE - TESTER,SMO,00256/500,5,5,7,Card 256,Variant 256
"Generated effect for card 257.\nIf this is a bulk test, card 257 validates row-level rendering.",CREATURE - TESTER,SMO,00257/500,6,6,1,Card 257,Variant 257
"Generated effect for card 258.\nIf this is a bulk test, card 258 validates row-level rendering.",CREATURE - TESTER,SMO,00258/500,7,7,2,Card 258,Variant 258
"Generated effect for card 259.\nIf this is a bulk test, card 259 validates row-level rendering.",CREATURE - TESTER,SMO,00259/500,8,1,3,Card 259,Variant 259
"Generated effect for card 260.\nIf this is a bulk test, card 260 validates row-level rendering.",CREATURE - TESTER,SMO,00260/500,9,2,4,Card 260,Variant 260
"Generated effect for card 261.\nIf this is a bulk test, card 261 validates row-level rendering.",CREATURE - TESTER,SMO,00261/500,1,3,5,Card 261,Variant 261
"Generated effect for card 262.\nIf this is a bulk test, card 262 validates row-level rendering.",CREATURE - TESTER,SMO,00262/500,2,4,6,Card 262,Variant 262
"Generated effect for card 263.\nIf this is a bulk test, card 263 validates row-level rendering.",CREATURE - TESTER,SMO,00263/500,3,5,7,Card 263,Variant 263
"Generated effect for card 264.\nIf this is a bulk test, card 264 validates row-level rendering.",CREATURE - TESTER,SMO,00264/500,4,6,1,Card 264,Variant 264
"Generated effect for card 265.\nIf this is a bulk test, card 265 validates row-level rendering.",CREATURE - TESTER,SMO,00265/500,5,7,2,Card 265,Variant 265
"Generated effect for card 266.\nIf this is a bulk test, card 266 validates row-level rendering.",CREATURE - TESTER,SMO,00266/500,6,1,3,Card 266,Variant 266
"Generated effect for card 267.\nIf this is a bulk test, card 267 validates row-level rendering.",CREATURE - TESTER,SMO,00267/500,7,2,4,Card 267,Variant 267
"Generated effect for card 268.\nIf this is a bulk test, card 268 validates row-level rendering.",CREATURE - TESTER,SMO,00268/500,8,3,5,Card 268,Variant 268
"Generated effect for card 269.\nIf this is a bulk test, card 269 validates row-level rendering.",CREATURE - TESTER,SMO,00269/500,9,4,6,Card 269,Variant 269
"Generated effect for card 270.\nIf this is a bulk test, card 270 validates row-level rendering.",CREATURE - TESTER,SMO,00270/500,1,5,7,Card 270,Variant 270
"Generated effect for card 271.\nIf this is a bulk test, card 271 validates row-level rendering.",CREATURE - TESTER,SMO,00271/500,2,6,1,Card 271,Variant 271
"Generated effect for card 272.\nIf this is a bulk test, card 272 validates row-level rendering.",CREATURE - TESTER,SMO,00272/500,3,7,2,Card 272,Variant 272
"Generated effect for card 273.\nIf this is a bulk test, card 273 validates row-level rendering.",CREATURE - TESTER,SMO,00273/500,4,1,3,Card 273,Variant 273
"Generated effect for card 274.\nIf this is a bulk test, card 274 validates row-level rendering.",CREATURE - TESTER,SMO,00274/500,5,2,4,Card 274,Variant 274
"Generated effect for card 275.\nIf this is a bulk test, card 275 validates row-level rendering.",CREATURE - TESTER,SMO,00275/500,6,3,5,Card 275,Variant 275
"Generated effect for card 276.\nIf this is a bulk test, card 276 validates row-level rendering.",CREATURE - TESTER,SMO,00276/500,7,4,6,Card 276,Variant 276
"Generated effect for card 277.\nIf this is a bulk test, card 277 validates row-level rendering.",CREATURE - TESTER,SMO,00277/500,8,5,7,Card 277,Variant 277
"Generated effect for card 278.\nIf this is a bulk test, card 278 validates row-level rendering.",CREATURE - TESTER,SMO,00278/500,9,6,1,Card 278,Variant 278
"Generated effect for card 279.\nIf this is a bulk test, card 279 validates row-level rendering.",CREATURE - TESTER,SMO,00279/500,1,7,2,Card 279,Variant 279
"Generated effect for card 280.\nIf this is a bulk test, card 280 validates row-level rendering.",CREATURE - TESTER,SMO,00280/500,2,1,3,Card 280,Variant 280
"Generated effect for card 281.\nIf this is a bulk test, card 281 validates row-level rendering.",CREATURE - TESTER,SMO,00281/500,3,2,4,Card 281,Variant 281
"Generated effect for card 282.\nIf this is a bulk test, card 282 validates row-level rendering.",CREATURE - TESTER,SMO,00282/500,4,3,5,Card 282,Variant 282
"Generated effect for card 283.\nIf this is a bulk test, card 283 validates row-level rendering.",CREATURE - TESTER,SMO,00283/500,5,4,6,Card 283,Variant 283
"Generated effect for card 284.\nIf this is a bulk test, card 284 validates row-level rendering.",CREATURE - TESTER,SMO,00284/500,6,5,7,Card 284,Variant 284
"Generated effect for card 285.\nIf this is a bulk test, card 285 validates row-level rendering.",CREATURE - TESTER,SMO,00285/500,7,6,1,Card 285,Variant 285
"Generated effect for card 286.\nIf this is a bulk test, card 286 validates row-level rendering.",CREATURE - TESTER,SMO,00286/500,8,7,2,Card 286,Variant 286
"Generated effect for card 287.\nIf this is a bulk test, card 287 validates row-level rendering.",CREATURE - TESTER,SMO,00287/500,9,1,3,Card 287,Variant 287
"Generated effect for card 288.\nIf this is a bulk test, card 288 validates row-level rendering.",CREATURE - TESTER,SMO,00288/500,1,2,4,Card 288,Variant 288
"Generated effect for card 289.\nIf this is a bulk test, card 289 validates row-level rendering.",CREATURE - TESTER,SMO,00289/500,2,3,5,Card 289,Variant 289
"Generated effect for card 290.\nIf this is a bulk test, card 290 validates row-level rendering.",CREATURE - TESTER,SMO,00290/500,3,4,6,Card 290,Variant 290
"Generated effect for card 291.\nIf this is a bulk test, card 291 validates row-level rendering.",CREATURE - TESTER,SMO,00291/500,4,5,7,Card 291,Variant 291
"Generated effect for card 292.\nIf this is a bulk test, card 292 validates row-level rendering.",CREATURE - TESTER,SMO,00292/500,5,6,1,Card 292,Variant 292
"Generated effect for card 293.\nIf this is a bulk test, card 293 validates row-level rendering.",CREATURE - TESTER,SMO,00293/500,6,7,2,Card 293,Variant 293
"Generated effect for card 294.\nIf this is a bulk test, card 294 validates row-level rendering.",CREATURE - TESTER,SMO,00294/500,7,1,3,Card 294,Variant 294
"Generated effect for card 295.\nIf this is a bulk test, card 295 validates row-level rendering.",CREATURE - TESTER,SMO,00295/500,8,2,4,Card 295,Variant 295
"Generated effect for card 296.\nIf this is a bulk test, card 296 validates row-level rendering.",CREATURE - TESTER,SMO,00296/500,9,3,5,Card 296,Variant 296
"Generated effect for card 297.\nIf this is a bulk test, card 297 validates row-level rendering.",CREATURE - TESTER,SMO,00297/500,1,4,6,Card 297,Variant 297
"Generated effect for card 298.\nIf this is a bulk test, card 298 validates row-level rendering.",CREATURE - TESTER,SMO,00298/500,2,5,7,Card 298,Variant 298
"Generated effect for card 299.\nIf this is a bulk test, card 299 validates row-level rendering.",CREATURE - TESTER,SMO,00299/500,3,6,1,Card 299,Variant 299
"Generated effect for card 300.\nIf this is a bulk test, card 300 validates row-level rendering.",CREATURE - TESTER,SMO,00300/500,4,7,2,Card 300,Variant 300
"Generated effect for card 301.\nIf this is a bulk test, card 301 validates row-level rendering.",CREATURE - TESTER,SMO,00301/500,5,1,3,Card 301,Variant 301
"Generated effect for card 302.\nIf this is a bulk test, card 302 validates row-level rendering.",CREATURE - TESTER,SMO,00302/500,6,2,4,Card 302,Variant 302
"Generated effect for card 303.\nIf this is a bulk test, card 303 validates row-level rendering.",CREATURE - TESTER,SMO,00303/500,7,3,5,Card 303,Variant 303
"Generated effect for card 304.\nIf this is a bulk test, card 304 validates row-level rendering.",CREATURE - TESTER,SMO,00304/500,8,4,6,Card 304,Variant 304
"Generated effect for card 305.\nIf this is a bulk test, card 305 validates row-level rendering.",CREATURE - TESTER,SMO,00305/500,9,5,7,Card 305,Variant 305
"Generated effect for card 306.\nIf this is a bulk test, card 306 validates row-level rendering.",CREATURE - TESTER,SMO,00306/500,1,6,1,Card 306,Variant 306
"Generated effect for card 307.\nIf this is a bulk test, card 307 validates row-level rendering.",CREATURE - TESTER,SMO,00307/500,2,7,2,Card 307,Variant 307
"Generated effect for card 308.\nIf this is a bulk test, card 308 validates row-level rendering.",CREATURE - TESTER,SMO,00308/500,3,1,3,Card 308,Variant 308
"Generated effect for card 309.\nIf this is a bulk test, card 309 validates row-level rendering.",CREATURE - TESTER,SMO,00309/500,4,2,4,Card 309,Variant 309
"Generated effect for card 310.\nIf this is a bulk test, card 310 validates row-level rendering.",CREATURE - TESTER,SMO,00310/500,5,3,5,Card 310,Variant 310
"Generated effect for card 311.\nIf this is a bulk test, card 311 validates row-level rendering.",CREATURE - TESTER,SMO,00311/500,6,4,6,Card 311,Variant 311
"Generated effect for card 312.\nIf this is a bulk test, card 312 validates row-level rendering.",CREATURE - TESTER,SMO,00312/500,7,5,7,Card 312,Variant 312
"Generated effect for card 313.\nIf this is a bulk test, card 313 validates row-level rendering.",CREATURE - TESTER,SMO,00313/500,8,6,1,Card 313,Variant 313
"Generated effect for card 314.\nIf this is a bulk test, card 314 validates row-level rendering.",CREATURE - TESTER,SMO,00314/500,9,7,2,Card 314,Variant 314
"Generated effect for card 315.\nIf this is a bulk test, card 315 validates row-level rendering.",CREATURE - TESTER,SMO,00315/500,1,1,3,Card 315,Variant 315
"Generated effect for card 316.\nIf this is a bulk test, card 316 validates row-level rendering.",CREATURE - TESTER,SMO,00316/500,2,2,4,Card 316,Variant 316
"Generated effect for card 317.\nIf this is a bulk test, card 317 validates row-level rendering.",CREATURE - TESTER,SMO,00317/500,3,3,5,Card 317,Variant 317
"Generated effect for card 318.\nIf this is a bulk test, card 318 validates row-level rendering.",CREATURE - TESTER,SMO,00318/500,4,4,6,Card 318,Variant 318
"Generated effect for card 319.\nIf this is a bulk test, card 319 validates row-level rendering.",CREATURE - TESTER,SMO,00319/500,5,5,7,Card 319,Variant 319
"Generated effect for card 320.\nIf this is a bulk test, card 320 validates row-level rendering.",CREATURE - TESTER,SMO,00320/500,6,6,1,Card 320,Variant 320
"Generated effect for card 321.\nIf this is a bulk test, card 321 validates row-level rendering.",CREATURE - TESTER,SMO,00321/500,7,7,2,Card 321,Variant 321
"Generated effect for card 322.\nIf this is a bulk test, card 322 validates row-level rendering.",CREATURE - TESTER,SMO,00322/500,8,1,3,Card 322,Variant 322
"Generated effect for card 323.\nIf this is a bulk test, card 323 validates row-level rendering.",CREATURE - TESTER,SMO,00323/500,9,2,4,Card 323,Variant 323
"Generated effect for card 324.\nIf this is a bulk test, card 324 validates row-level rendering.",CREATURE - TESTER,SMO,00324/500,1,3,5,Card 324,Variant 324
"Generated effect for card 325.\nIf this is a bulk test, card 325 validates row-level rendering.",CREATURE - TESTER,SMO,00325/500,2,4,6,Card 325,Variant 325
"Generated effect for card 326.\nIf this is a bulk test, card 326 validates row-level rendering.",CREATURE - TESTER,SMO,00326/500,3,5,7,Card 326,Variant 326
"Generated effect for card 327.\nIf this is a bulk test, card 327 validates row-level rendering.",CREATURE - TESTER,SMO,00327/500,4,6,1,Card 327,Variant 327
"Generated effect for card 328.\nIf this is a bulk test, card 328 validates row-level rendering.",CREATURE - TESTER,SMO,00328/500,5,7,2,Card 328,Variant 328
"Generated effect for card 329.\nIf this is a bulk test, card 329 validates row-level rendering.",CREATURE - TESTER,SMO,00329/500,6,1,3,Card 329,Variant 329
"Generated effect for card 330.\nIf this is a bulk test, card 330 validates row-level rendering.",CREATURE - TESTER,SMO,00330/500,7,2,4,Card 330,Variant 330
"Generated effect for card 331.\nIf this is a bulk test, card 331 validates row-level rendering.",CREATURE - TESTER,SMO,00331/500,8,3,5,Card 331,Variant 331
"Generated effect for card 332.\nIf this is a bulk test, card 332 validates row-level rendering.",CREATURE - TESTER,SMO,00332/500,9,4,6,Card 332,Variant 332
"Generated effect for card 333.\nIf this is a bulk test, card 333 validates row-level rendering.",CREATURE - TESTER,SMO,00333/500,1,5,7,Card 333,Variant 333
"Generated effect for card 334.\nIf this is a bulk test, card 334 validates row-level rendering.",CREATURE - TESTER,SMO,00334/500,2,6,1,Card 334,Variant 334
"Generated effect for card 335.\nIf this is a bulk test, card 335 validates row-level rendering.",CREATURE - TESTER,SMO,00335/500,3,7,2,Card 335,Variant 335
"Generated effect for card 336.\nIf this is a bulk test, card 336 validates row-level rendering.",CREATURE - TESTER,SMO,00336/500,4,1,3,Card 336,Variant 336
"Generated effect for card 337.\nIf this is a bulk test, card 337 validates row-level rendering.",CREATURE - TESTER,SMO,00337/500,5,2,4,Card 337,Variant 337
"Generated effect for card 338.\nIf this is a bulk test, card 338 validates row-level rendering.",CREATURE - TESTER,SMO,00338/500,6,3,5,Card 338,Variant 338
"Generated effect for card 339.\nIf this is a bulk test, card 339 validates row-level rendering.",CREATURE - TESTER,SMO,00339/500,7,4,6,Card 339,Variant 339
"Generated effect for card 340.\nIf this is a bulk test, card 340 validates row-level rendering.",CREATURE - TESTER,SMO,00340/500,8,5,7,Card 340,Variant 340
"Generated effect for card 341.\nIf this is a bulk test, card 341 validates row-level rendering.",CREATURE - TESTER,SMO,00341/500,9,6,1,Card 341,Variant 341
"Generated effect for card 342.\nIf this is a bulk test, card 342 validates row-level rendering.",CREATURE - TESTER,SMO,00342/500,1,7,2,Card 342,Variant 342
"Generated effect for card 343.\nIf this is a bulk test, card 343 validates row-level rendering.",CREATURE - TESTER,SMO,00343/500,2,1,3,Card 343,Variant 343
"Generated effect for card 344.\nIf this is a bulk test, card 344 validates row-level rendering.",CREATURE - TESTER,SMO,00344/500,3,2,4,Card 344,Variant 344
"Generated effect for card 345.\nIf this is a bulk test, card 345 validates row-level rendering.",CREATURE - TESTER,SMO,00345/500,4,3,5,Card 345,Variant 345
"Generated effect for card 346.\nIf this is a bulk test, card 346 validates row-level rendering.",CREATURE - TESTER,SMO,00346/500,5,4,6,Card 346,Variant 346
"Generated effect for card 347.\nIf this is a bulk test, card 347 validates row-level rendering.",CREATURE - TESTER,SMO,00347/500,6,5,7,Card 347,Variant 347
"Generated effect for card 348.\nIf this is a bulk test, card 348 validates row-level rendering.",CREATURE - TESTER,SMO,00348/500,7,6,1,Card 348,Variant 348
"Generated effect for card 349.\nIf this is a bulk test, card 349 validates row-level rendering.",CREATURE - TESTER,SMO,00349/500,8,7,2,Card 349,Variant 349
"Generated effect for card 350.\nIf this is a bulk test, card 350 validates row-level rendering.",CREATURE - TESTER,SMO,00350/500,9,1,3,Card 350,Variant 350
"Generated effect for card 351.\nIf this is a bulk test, card 351 validates row-level rendering.",CREATURE - TESTER,SMO,00351/500,1,2,4,Card 351,Variant 351
"Generated effect for card 352.\nIf this is a bulk test, card 352 validates row-level rendering.",CREATURE - TESTER,SMO,00352/500,2,3,5,Card 352,Variant 352
"Generated effect for card 353.\nIf this is a bulk test, card 353 validates row-level rendering.",CREATURE - TESTER,SMO,00353/500,3,4,6,Card 353,Variant 353
"Generated effect for card 354.\nIf this is a bulk test, card 354 validates row-level rendering.",CREATURE - TESTER,SMO,00354/500,4,5,7,Card 354,Variant 354
"Generated effect for card 355.\nIf this is a bulk test, card 355 validates row-level rendering.",CREATURE - TESTER,SMO,00355/500,5,6,1,Card 355,Variant 355
"Generated effect for card 356.\nIf this is a bulk test, card 356 validates row-level rendering.",CREATURE - TESTER,SMO,00356/500,6,7,2,Card 356,Variant 356
"Generated effect for card 357.\nIf this is a bulk test, card 357 validates row-level rendering.",CREATURE - TESTER,SMO,00357/500,7,1,3,Card 357,Variant 357
"Generated effect for card 358.\nIf this is a bulk test, card 358 validates row-level rendering.",CREATURE - TESTER,SMO,00358/500,8,2,4,Card 358,Variant 358
"Generated effect for card 359.\nIf this is a bulk test, card 359 validates row-level rendering.",CREATURE - TESTER,SMO,00359/500,9,3,5,Card 359,Variant 359
"Generated effect for card 360.\nIf this is a bulk test, card 360 validates row-level rendering.",CREATURE - TESTER,SMO,00360/500,1,4,6,Card 360,Variant 360
"Generated effect for card 361.\nIf this is a bulk test, card 361 validates row-level rendering.",CREATURE - TESTER,SMO,00361/500,2,5,7,Card 361,Variant 361
"Generated effect for card 362.\nIf this is a bulk test, card 362 validates row-level rendering.",CREATURE - TESTER,SMO,00362/500,3,6,1,Card 362,Variant 362
"Generated effect for card 363.\nIf this is a bulk test, card 363 validates row-level rendering.",CREATURE - TESTER,SMO,00363/500,4,7,2,Card 363,Variant 363
"Generated effect for card 364.\nIf this is a bulk test, card 364 validates row-level rendering.",CREATURE - TESTER,SMO,00364/500,5,1,3,Card 364,Variant 364
"Generated effect for card 365.\nIf this is a bulk test, card 365 validates row-level rendering.",CREATURE - TESTER,SMO,00365/500,6,2,4,Card 365,Variant 365
"Generated effect for card 366.\nIf this is a bulk test, card 366 validates row-level rendering.",CREATURE - TESTER,SMO,00366/500,7,3,5,Card 366,Variant 366
"Generated effect for card 367.\nIf this is a bulk test, card 367 validates row-level rendering.",CREATURE - TESTER,SMO,00367/500,8,4,6,Card 367,Variant 367
"Generated effect for card 368.\nIf this is a bulk test, card 368 validates row-level rendering.",CREATURE - TESTER,SMO,00368/500,9,5,7,Card 368,Variant 368
"Generated effect for card 369.\nIf this is a bulk test, card 369 validates row-level rendering.",CREATURE - TESTER,SMO,00369/500,1,6,1,Card 369,Variant 369
"Generated effect for card 370.\nIf this is a bulk test, card 370 validates row-level rendering.",CREATURE - TESTER,SMO,00370/500,2,7,2,Card 370,Variant 370
"Generated effect for card 371.\nIf this is a bulk test, card 371 validates row-level rendering.",CREATURE - TESTER,SMO,00371/500,3,1,3,Card 371,Variant 371
"Generated effect for card 372.\nIf this is a bulk test, card 372 validates row-level rendering.",CREATURE - TESTER,SMO,00372/500,4,2,4,Card 372,Variant 372
"Generated effect for card 373.\nIf this is a bulk test, card 373 validates row-level rendering.",CREATURE - TESTER,SMO,00373/500,5,3,5,Card 373,Variant 373
"Generated effect for card 374.\nIf this is a bulk test, card 374 validates row-level rendering.",CREATURE - TESTER,SMO,00374/500,6,4,6,Card 374,Variant 374
"Generated effect for card 375.\nIf this is a bulk test, card 375 validates row-level rendering.",CREATURE - TESTER,SMO,00375/500,7,5,7,Card 375,Variant 375
"Generated effect for card 376.\nIf this is a bulk test, card 376 validates row-level rendering.",CREATURE - TESTER,SMO,00376/500,8,6,1,Card 376,Variant 376
"Generated effect for card 377.\nIf this is a bulk test, card 377 validates row-level rendering.",CREATURE - TESTER,SMO,00377/500,9,7,2,Card 377,Variant 377
"Generated effect for card 378.\nIf this is a bulk test, card 378 validates row-level rendering.",CREATURE - TESTER,SMO,00378/500,1,1,3,Card 378,Variant 378
"Generated effect for card 379.\nIf this is a bulk test, card 379 validates row-level rendering.",CREATURE - TESTER,SMO,00379/500,2,2,4,Card 379,Variant 379
"Generated effect for card 380.\nIf this is a bulk test, card 380 validates row-level rendering.",CREATURE - TESTER,SMO,00380/500,3,3,5,Card 380,Variant 380
"Generated effect for card 381.\nIf this is a bulk test, card 381 validates row-level rendering.",CREATURE - TESTER,SMO,00381/500,4,4,6,Card 381,Variant 381
"Generated effect for card 382.\nIf this is a bulk test, card 382 validates row-level rendering.",CREATURE - TESTER,SMO,00382/500,5,5,7,Card 382,Variant 382
"Generated effect for card 383.\nIf this is a bulk test, card 383 validates row-level rendering.",CREATURE - TESTER,SMO,00383/500,6,6,1,Card 383,Variant 383
"Generated effect for card 384.\nIf this is a bulk test, card 384 validates row-level rendering.",CREATURE - TESTER,SMO,00384/500,7,7,2,Card 384,Variant 384
"Generated effect for card 385.\nIf this is a bulk test, card 385 validates row-level rendering.",CREATURE - TESTER,SMO,00385/500,8,1,3,Card 385,Variant 385
"Generated effect for card 386.\nIf this is a bulk test, card 386 validates row-level rendering.",CREATURE - TESTER,SMO,00386/500,9,2,4,Card 386,Variant 386
"Generated effect for card 387.\nIf this is a bulk test, card 387 validates row-level rendering.",CREATURE - TESTER,SMO,00387/500,1,3,5,Card 387,Variant 387
"Generated effect for card 388.\nIf this is a bulk test, card 388 validates row-level rendering.",CREATURE - TESTER,SMO,00388/500,2,4,6,Card 388,Variant 388
"Generated effect for card 389.\nIf this is a bulk test, card 389 validates row-level rendering.",CREATURE - TESTER,SMO,00389/500,3,5,7,Card 389,Variant 389
"Generated effect for card 390.\nIf this is a bulk test, card 390 validates row-level rendering.",CREATURE - TESTER,SMO,00390/500,4,6,1,Card 390,Variant 390
"Generated effect for card 391.\nIf this is a bulk test, card 391 validates row-level rendering.",CREATURE - TESTER,SMO,00391/500,5,7,2,Card 391,Variant 391
"Generated effect for card 392.\nIf this is a bulk test, card 392 validates row-level rendering.",CREATURE - TESTER,SMO,00392/500,6,1,3,Card 392,Variant 392
"Generated effect for card 393.\nIf this is a bulk test, card 393 validates row-level rendering.",CREATURE - TESTER,SMO,00393/500,7,2,4,Card 393,Variant 393
"Generated effect for card 394.\nIf this is a bulk test, card 394 validates row-level rendering.",CREATURE - TESTER,SMO,00394/500,8,3,5,Card 394,Variant 394
"Generated effect for card 395.\nIf this is a bulk test, card 395 validates row-level rendering.",CREATURE - TESTER,SMO,00395/500,9,4,6,Card 395,Variant 395
"Generated effect for card 396.\nIf this is a bulk test, card 396 validates row-level rendering.",CREATURE - TESTER,SMO,00396/500,1,5,7,Card 396,Variant 396
"Generated effect for card 397.\nIf this is a bulk test, card 397 validates row-level rendering.",CREATURE - TESTER,SMO,00397/500,2,6,1,Card 397,Variant 397
"Generated effect for card 398.\nIf this is a bulk test, card 398 validates row-level rendering.",CREATURE - TESTER,SMO,00398/500,3,7,2,Card 398,Variant 398
"Generated effect for card 399.\nIf this is a bulk test, card 399 validates row-level rendering.",CREATURE - TESTER,SMO,00399/500,4,1,3,Card 399,Variant 399
"Generated effect for card 400.\nIf this is a bulk test, card 400 validates row-level rendering.",CREATURE - TESTER,SMO,00400/500,5,2,4,Card 400,Variant 400
"Generated effect for card 401.\nIf this is a bulk test, card 401 validates row-level rendering.",CREATURE - TESTER,SMO,00401/500,6,3,5,Card 401,Variant 401
"Generated effect for card 402.\nIf this is a bulk test, card 402 validates row-level rendering.",CREATURE - TESTER,SMO,00402/500,7,4,6,Card 402,Variant 402
"Generated effect for card 403.\nIf this is a bulk test, card 403 validates row-level rendering.",CREATURE - TESTER,SMO,00403/500,8,5,7,Card 403,Variant 403
"Generated effect for card 404.\nIf this is a bulk test, card 404 validates row-level rendering.",CREATURE - TESTER,SMO,00404/500,9,6,1,Card 404,Variant 404
"Generated effect for card 405.\nIf this is a bulk test, card 405 validates row-level rendering.",CREATURE - TESTER,SMO,00405/500,1,7,2,Card 405,Variant 405
"Generated effect for card 406.\nIf this is a bulk test, card 406 validates row-level rendering.",CREATURE - TESTER,SMO,00406/500,2,1,3,Card 406,Variant 406
"Generated effect for card 407.\nIf this is a bulk test, card 407 validates row-level rendering.",CREATURE - TESTER,SMO,00407/500,3,2,4,Card 407,Variant 407
"Generated effect for card 408.\nIf this is a bulk test, card 408 validates row-level rendering.",CREATURE - TESTER,SMO,00408/500,4,3,5,Card 408,Variant 408
"Generated effect for card 409.\nIf this is a bulk test, card 409 validates row-level rendering.",CREATURE - TESTER,SMO,00409/500,5,4,6,Card 409,Variant 409
"Generated effect for card 410.\nIf this is a bulk test, card 410 validates row-level rendering.",CREATURE - TESTER,SMO,00410/500,6,5,7,Card 410,Variant 410
"Generated effect for card 411.\nIf this is a bulk test, card 411 validates row-level rendering.",CREATURE - TESTER,SMO,00411/500,7,6,1,Card 411,Variant 411
"Generated effect for card 412.\nIf this is a bulk test, card 412 validates row-level rendering.",CREATURE - TESTER,SMO,00412/500,8,7,2,Card 412,Variant 412
"Generated effect for card 413.\nIf this is a bulk test, card 413 validates row-level rendering.",CREATURE - TESTER,SMO,00413/500,9,1,3,Card 413,Variant 413
"Generated effect for card 414.\nIf this is a bulk test, card 414 validates row-level rendering.",CREATURE - TESTER,SMO,00414/500,1,2,4,Card 414,Variant 414
"Generated effect for card 415.\nIf this is a bulk test, card 415 validates row-level rendering.",CREATURE - TESTER,SMO,00415/500,2,3,5,Card 415,Variant 415
"Generated effect for card 416.\nIf this is a bulk test, card 416 validates row-level rendering.",CREATURE - TESTER,SMO,00416/500,3,4,6,Card 416,Variant 416
"Generated effect for card 417.\nIf this is a bulk test, card 417 validates row-level rendering.",CREATURE - TESTER,SMO,00417/500,4,5,7,Card 417,Variant 417
"Generated effect for card 418.\nIf this is a bulk test, card 418 validates row-level rendering.",CREATURE - TESTER,SMO,00418/500,5,6,1,Card 418,Variant 418
"Generated effect for card 419.\nIf this is a bulk test, card 419 validates row-level rendering.",CREATURE - TESTER,SMO,00419/500,6,7,2,Card 419,Variant 419
"Generated effect for card 420.\nIf this is a bulk test, card 420 validates row-level rendering.",CREATURE - TESTER,SMO,00420/500,7,1,3,Card 420,Variant 420
"Generated effect for card 421.\nIf this is a bulk test, card 421 validates row-level rendering.",CREATURE - TESTER,SMO,00421/500,8,2,4,Card 421,Variant 421
"Generated effect for card 422.\nIf this is a bulk test, card 422 validates row-level rendering.",CREATURE - TESTER,SMO,00422/500,9,3,5,Card 422,Variant 422
"Generated effect for card 423.\nIf this is a bulk test, card 423 validates row-level rendering.",CREATURE - TESTER,SMO,00423/500,1,4,6,Card 423,Variant 423
"Generated effect for card 424.\nIf this is a bulk test, card 424 validates row-level rendering.",CREATURE - TESTER,SMO,00424/500,2,5,7,Card 424,Variant 424
"Generated effect for card 425.\nIf this is a bulk test, card 425 validates row-level rendering.",CREATURE - TESTER,SMO,00425/500,3,6,1,Card 425,Variant 425
"Generated effect for card 426.\nIf this is a bulk test, card 426 validates row-level rendering.",CREATURE - TESTER,SMO,00426/500,4,7,2,Card 426,Variant 426
"Generated effect for card 427.\nIf this is a bulk test, card 427 validates row-level rendering.",CREATURE - TESTER,SMO,00427/500,5,1,3,Card 427,Variant 427
"Generated effect for card 428.\nIf this is a bulk test, card 428 validates row-level rendering.",CREATURE - TESTER,SMO,00428/500,6,2,4,Card 428,Variant 428
"Generated effect for card 429.\nIf this is a bulk test, card 429 validates row-level rendering.",CREATURE - TESTER,SMO,00429/500,7,3,5,Card 429,Variant 429
"Generated effect for card 430.\nIf this is a bulk test, card 430 validates row-level rendering.",CREATURE - TESTER,SMO,00430/500,8,4,6,Card 430,Variant 430
"Generated effect for card 431.\nIf this is a bulk test, card 431 validates row-level rendering.",CREATURE - TESTER,SMO,00431/500,9,5,7,Card 431,Variant 431
"Generated effect for card 432.\nIf this is a bulk test, card 432 validates row-level rendering.",CREATURE - TESTER,SMO,00432/500,1,6,1,Card 432,Variant 432
"Generated effect for card 433.\nIf this is a bulk test, card 433 validates row-level rendering.",CREATURE - TESTER,SMO,00433/500,2,7,2,Card 433,Variant 433
"Generated effect for card 434.\nIf this is a bulk test, card 434 validates row-level rendering.",CREATURE - TESTER,SMO,00434/500,3,1,3,Card 434,Variant 434
"Generated effect for card 435.\nIf this is a bulk test, card 435 validates row-level rendering.",CREATURE - TESTER,SMO,00435/500,4,2,4,Card 435,Variant 435
"Generated effect for card 436.\nIf this is a bulk test, card 436 validates row-level rendering.",CREATURE - TESTER,SMO,00436/500,5,3,5,Card 436,Variant 436
"Generated effect for card 437.\nIf this is a bulk test, card 437 validates row-level rendering.",CREATURE - TESTER,SMO,00437/500,6,4,6,Card 437,Variant 437
"Generated effect for card 438.\nIf this is a bulk test, card 438 validates row-level rendering.",CREATURE - TESTER,SMO,00438/500,7,5,7,Card 438,Variant 438
"Generated effect for card 439.\nIf this is a bulk test, card 439 validates row-level rendering.",CREATURE - TESTER,SMO,00439/500,8,6,1,Card 439,Variant 439
"Generated effect for card 440.\nIf this is a bulk test, card 440 validates row-level rendering.",CREATURE - TESTER,SMO,00440/500,9,7,2,Card 440,Variant 440
"Generated effect for card 441.\nIf this is a bulk test, card 441 validates row-level rendering.",CREATURE - TESTER,SMO,00441/500,1,1,3,Card 441,Variant 441
"Generated effect for card 442.\nIf this is a bulk test, card 442 validates row-level rendering.",CREATURE - TESTER,SMO,00442/500,2,2,4,Card 442,Variant 442
"Generated effect for card 443.\nIf this is a bulk test, card 443 validates row-level rendering.",CREATURE - TESTER,SMO,00443/500,3,3,5,Card 443,Variant 443
"Generated effect for card 444.\nIf this is a bulk test, card 444 validates row-level rendering.",CREATURE - TESTER,SMO,00444/500,4,4,6,Card 444,Variant 444
"Generated effect for card 445.\nIf this is a bulk test, card 445 validates row-level rendering.",CREATURE - TESTER,SMO,00445/500,5,5,7,Card 445,Variant 445
"Generated effect for card 446.\nIf this is a bulk test, card 446 validates row-level rendering.",CREATURE - TESTER,SMO,00446/500,6,6,1,Card 446,Variant 446
"Generated effect for card 447.\nIf this is a bulk test, card 447 validates row-level rendering.",CREATURE - TESTER,SMO,00447/500,7,7,2,Card 447,Variant 447
"Generated effect for card 448.\nIf this is a bulk test, card 448 validates row-level rendering.",CREATURE - TESTER,SMO,00448/500,8,1,3,Card 448,Variant 448
"Generated effect for card 449.\nIf this is a bulk test, card 449 validates row-level rendering.",CREATURE - TESTER,SMO,00449/500,9,2,4,Card 449,Variant 449
"Generated effect for card 450.\nIf this is a bulk test, card 450 validates row-level rendering.",CREATURE - TESTER,SMO,00450/500,1,3,5,Card 450,Variant 450
"Generated effect for card 451.\nIf this is a bulk test, card 451 validates row-level rendering.",CREATURE - TESTER,SMO,00451/500,2,4,6,Card 451,Variant 451
"Generated effect for card 452.\nIf this is a bulk test, card 452 validates row-level rendering.",CREATURE - TESTER,SMO,00452/500,3,5,7,Card 452,Variant 452
"Generated effect for card 453.\nIf this is a bulk test, card 453 validates row-level rendering.",CREATURE - TESTER,SMO,00453/500,4,6,1,Card 453,Variant 453
"Generated effect for card 454.\nIf this is a bulk test, card 454 validates row-level rendering.",CREATURE - TESTER,SMO,00454/500,5,7,2,Card 454,Variant 454
"Generated effect for card 455.\nIf this is a bulk test, card 455 validates row-level rendering.",CREATURE - TESTER,SMO,00455/500,6,1,3,Card 455,Variant 455
"Generated effect for card 456.\nIf this is a bulk test, card 456 validates row-level rendering.",CREATURE - TESTER,SMO,00456/500,7,2,4,Card 456,Variant 456
"Generated effect for card 457.\nIf this is a bulk test, card 457 validates row-level rendering.",CREATURE - TESTER,SMO,00457/500,8,3,5,Card 457,Variant 457
"Generated effect for card 458.\nIf this is a bulk test, card 458 validates row-level rendering.",CREATURE - TESTER,SMO,00458/500,9,4,6,Card 458,Variant 458
"Generated effect for card 459.\nIf this is a bulk test, card 459 validates row-level rendering.",CREATURE - TESTER,SMO,00459/500,1,5,7,Card 459,Variant 459
"Generated effect for card 460.\nIf this is a bulk test, card 460 validates row-level rendering.",CREATURE - TESTER,SMO,00460/500,2,6,1,Card 460,Variant 460
"Generated effect for card 461.\nIf this is a bulk test, card 461 validates row-level rendering.",CREATURE - TESTER,SMO,00461/500,3,7,2,Card 461,Variant 461
"Generated effect for card 462.\nIf this is a bulk test, card 462 validates row-level rendering.",CREATURE - TESTER,SMO,00462/500,4,1,3,Card 462,Variant 462
"Generated effect for card 463.\nIf this is a bulk test, card 463 validates row-level rendering.",CREATURE - TESTER,SMO,00463/500,5,2,4,Card 463,Variant 463
"Generated effect for card 464.\nIf this is a bulk test, card 464 validates row-level rendering.",CREATURE - TESTER,SMO,00464/500,6,3,5,Card 464,Variant 464
"Generated effect for card 465.\nIf this is a bulk test, card 465 validates row-level rendering.",CREATURE - TESTER,SMO,00465/500,7,4,6,Card 465,Variant 465
"Generated effect for card 466.\nIf this is a bulk test, card 466 validates row-level rendering.",CREATURE - TESTER,SMO,00466/500,8,5,7,Card 466,Variant 466
"Generated effect for card 467.\nIf this is a bulk test, card 467 validates row-level rendering.",CREATURE - TESTER,SMO,00467/500,9,6,1,Card 467,Variant 467
"Generated effect for card 468.\nIf this is a bulk test, card 468 validates row-level rendering.",CREATURE - TESTER,SMO,00468/500,1,7,2,Card 468,Variant 468
"Generated effect for card 469.\nIf this is a bulk test, card 469 validates row-level rendering.",CREATURE - TESTER,SMO,00469/500,2,1,3,Card 469,Variant 469
"Generated effect for card 470.\nIf this is a bulk test, card 470 validates row-level rendering.",CREATURE - TESTER,SMO,00470/500,3,2,4,Card 470,Variant 470
"Generated effect for card 471.\nIf this is a bulk test, card 471 validates row-level rendering.",CREATURE - TESTER,SMO,00471/500,4,3,5,Card 471,Variant 471
"Generated effect for card 472.\nIf this is a bulk test, card 472 validates row-level rendering.",CREATURE - TESTER,SMO,00472/500,5,4,6,Card 472,Variant 472
"Generated effect for card 473.\nIf this is a bulk test, card 473 validates row-level rendering.",CREATURE - TESTER,SMO,00473/500,6,5,7,Card 473,Variant 473
"Generated effect for card 474.\nIf this is a bulk test, card 474 validates row-level rendering.",CREATURE - TESTER,SMO,00474/500,7,6,1,Card 474,Variant 474
"Generated effect for card 475.\nIf this is a bulk test, card 475 validates row-level rendering.",CREATURE - TESTER,SMO,00475/500,8,7,2,Card 475,Variant 475
"Generated effect for card 476.\nIf this is a bulk test, card 476 validates row-level rendering.",CREATURE - TESTER,SMO,00476/500,9,1,3,Card 476,Variant 476
"Generated effect for card 477.\nIf this is a bulk test, card 477 validates row-level rendering.",CREATURE - TESTER,SMO,00477/500,1,2,4,Card 477,Variant 477
"Generated effect for card 478.\nIf this is a bulk test, card 478 validates row-level rendering.",CREATURE - TESTER,SMO,00478/500,2,3,5,Card 478,Variant 478
"Generated effect for card 479.\nIf this is a bulk test, card 479 validates row-level rendering.",CREATURE - TESTER,SMO,00479/500,3,4,6,Card 479,Variant 479
"Generated effect for card 480.\nIf this is a bulk test, card 480 validates row-level rendering.",CREATURE - TESTER,SMO,00480/500,4,5,7,Card 480,Variant 480
"Generated effect for card 481.\nIf this is a bulk test, card 481 validates row-level rendering.",CREATURE - TESTER,SMO,00481/500,5,6,1,Card 481,Variant 481
"Generated effect for card 482.\nIf this is a bulk test, card 482 validates row-level rendering.",CREATURE - TESTER,SMO,00482/500,6,7,2,Card 482,Variant 482
"Generated effect for card 483.\nIf this is a bulk test, card 483 validates row-level rendering.",CREATURE - TESTER,SMO,00483/500,7,1,3,Card 483,Variant 483
"Generated effect for card 484.\nIf this is a bulk test, card 484 validates row-level rendering.",CREATURE - TESTER,SMO,00484/500,8,2,4,Card 484,Variant 484
"Generated effect for card 485.\nIf this is a bulk test, card 485 validates row-level rendering.",CREATURE - TESTER,SMO,00485/500,9,3,5,Card 485,Variant 485
"Generated effect for card 486.\nIf this is a bulk test, card 486 validates row-level rendering.",CREATURE - TESTER,SMO,00486/500,1,4,6,Card 486,Variant 486
"Generated effect for card 487.\nIf this is a bulk test, card 487 validates row-level rendering.",CREATURE - TESTER,SMO,00487/500,2,5,7,Card 487,Variant 487
"Generated effect for card 488.\nIf this is a bulk test, card 488 validates row-level rendering.",CREATURE - TESTER,SMO,00488/500,3,6,1,Card 488,Variant 488
"Generated effect for card 489.\nIf this is a bulk test, card 489 validates row-level rendering.",CREATURE - TESTER,SMO,00489/500,4,7,2,Card 489,Variant 489
"Generated effect for card 490.\nIf this is a bulk test, card 490 validates row-level rendering.",CREATURE - TESTER,SMO,00490/500,5,1,3,Card 490,Variant 490
"Generated effect for card 491.\nIf this is a bulk test, card 491 validates row-level rendering.",CREATURE - TESTER,SMO,00491/500,6,2,4,Card 491,Variant 491
"Generated effect for card 492.\nIf this is a bulk test, card 492 validates row-level rendering.",CREATURE - TESTER,SMO,00492/500,7,3,5,Card 492,Variant 492
"Generated effect for card 493.\nIf this is a bulk test, card 493 validates row-level rendering.",CREATURE - TESTER,SMO,00493/500,8,4,6,Card 493,Variant 493
"Generated effect for card 494.\nIf this is a bulk test, card 494 validates row-level rendering.",CREATURE - TESTER,SMO,00494/500,9,5,7,Card 494,Variant 494
"Generated effect for card 495.\nIf this is a bulk test, card 495 validates row-level rendering.",CREATURE - TESTER,SMO,00495/500,1,6,1,Card 495,Variant 495
"Generated effect for card 496.\nIf this is a bulk test, card 496 validates row-level rendering.",CREATURE - TESTER,SMO,00496/500,2,7,2,Card 496,Variant 496
"Generated effect for card 497.\nIf this is a bulk test, card 497 validates row-level rendering.",CREATURE - TESTER,SMO,00497/500,3,1,3,Card 497,Variant 497
"Generated effect for card 498.\nIf this is a bulk test, card 498 validates row-level rendering.",CREATURE - TESTER,SMO,00498/500,4,2,4,Card 498,Variant 498
"Generated effect for card 499.\nIf this is a bulk test, card 499 validates row-level rendering.",CREATURE - TESTER,SMO,00499/500,5,3,5,Card 499,Variant 499
"Generated effect for card 500.\nIf this is a bulk test, card 500 validates row-level rendering.",CREATURE - TESTER,SMO,00500/500,6,4,6,Card 500,Variant 500
